{"cameraMode":{"drawMode":0,"name":"Shaded","section":"Shading Mode"},"sceneLighting":true,"audioPlay":false,"sceneViewState":{"showFog":true,"showMaterialUpdate":false,"showSkybox":true,"showFlares":true,"showImageEffects":true,"showParticleSystems":true,"showVisualEffectGraphs":true,"m_FxEnabled":true},"in2DMode":false,"pivot":{"x":-0.26337289810180666,"y":-0.4213881492614746,"z":0.6333823204040527},"rotation":{"x":-0.09714397042989731,"y":0.8834378719329834,"z":-0.21087124943733216,"w":-0.4069814085960388},"size":5.838635444641113,"orthographic":false}