{"cameraMode":{"drawMode":0,"name":"Shaded","section":"Shading Mode"},"sceneLighting":true,"audioPlay":false,"sceneViewState":{"showFog":true,"showMaterialUpdate":false,"showSkybox":true,"showFlares":true,"showImageEffects":true,"showParticleSystems":true,"showVisualEffectGraphs":true,"m_FxEnabled":true},"in2DMode":false,"pivot":{"x":-0.12644779682159425,"y":1.1588975191116334,"z":-3.7572875022888185},"rotation":{"x":0.08856769651174545,"y":-0.16947916150093079,"z":0.015294439159333706,"w":0.981427013874054},"size":2.4524283409118654,"orthographic":false}